sale;;Купить квартиру. Продажа квартир в Украине
sale;room;Купить комнату. Продажа комнат в Украине
sale;house;Купить дом. Продажа домов в Украине
sale;commercial;Купить коммерческую недвижимость. Продажа в Украине
sale;plot;Купить участок. Продажа земельных участков в Украине
sale;garages;Купить гараж. Продажа гаражей в Украине все объявления
sale;all-real-estate;Купить недвижимость недорого. Продажа недвижимости в Украине

rent_daily;;Аренда квартир посуточно. Снять квартиру на сутки в Украине
rent_daily;room;Аренда комнат посуточно. Снять комнату на сутки в Украине
rent_daily;house;Снять дом на сутки. Аренда домов посуточно в Украине
rent_daily;commercial;Аренда коммерческой недвижимости на сутки. Снять помещение
rent_daily;garages;Аренда гаража посуточно. Снять на сутки гараж в Украине
rent_daily;all-real-estate;Посуточная аренда недвижимости. Снять недвижимость в Украине 

rent;;Долгосрочная аренда квартир. Снять или сдать квартиру в Украине
rent;room;Долгосрочная аренда комнат. Снять или сдать комнату в Украине
rent;house;Аренда дома долгосрочно. Снять дом без посредников в Украине
rent;commercial;Долгосрочная аренда коммерческой недвижимости в Украине
rent;plot;Долгосрочная аренда участка. Земельный участок в Украине
rent;garages;Долгосрочная аренда гаража. Сдать или снять гараж в Украине
rent;all-real-estate;Аренда недвижимости. Долгосрочная аренда в Украине

newhomes;;Купить квартиру в новостройке. Продажа квартир от застройщика
newhomes;house;Купить новопостроенный дом в Украине. Новые дома
newhomes;commercial;Коммерческая недвижимость от застройщика в Украине
newhomes;garages;Купить новый гараж. Все новопостроенные гаражи Украины
newhomes;all-real-estate;Купить недвижимость в новостройке. Все новостройки Украины

